Size,Fitness,PercolationIndex,MaxEditDistance,AvgEditDistance
10,78.51,56,3,1.6666666666666667
2,86.45,31,1,1.0
8,78.72,58,3,1.8928571428571428
341,10.0,791,5,3.294152147662584
3,80.82,43,1,1.0
2,84.52,33,1,1.0
2,82.88,31,1,1.0
8,84.01,65,3,1.6785714285714286
7,76.1,61,3,1.7142857142857142
46,84.34,130,5,2.917874396135266
9,78.72,87,3,1.75
3,79.09,37,1,1.0
2,87.96,32,1,1.0
10,77.01,82,3,1.8
3,79.52,40,1,1.0
3,81.64,44,1,1.0
11,78.51,76,3,1.8727272727272728
9,60.16,58,3,1.7777777777777777
7,77.08,69,3,1.8095238095238095
44,59.81,112,5,2.927061310782241
7,81.82,61,2,1.5238095238095237
9,88.01,63,3,1.6666666666666667
10,83.23,70,3,1.8222222222222222
10,79.05,61,3,1.8666666666666667
3,85.84,42,2,1.3333333333333333
3,86.4,41,1,1.0
3,84.01,43,2,1.3333333333333333
2,88.66,39,1,1.0
3,80.85,39,1,1.0
8,53.66,53,2,1.5
7,79.46,55,3,1.7619047619047619
5,60.52,54,2,1.5
9,85.06,75,3,1.8055555555555556
2,84.19,33,1,1.0
7,77.82,63,2,1.5238095238095237
2,78.84,30,1,1.0
2,71.64,30,1,1.0
5,86.22,46,2,1.5
2,84.57,32,1,1.0
6,81.82,61,2,1.4666666666666666
9,85.06,64,3,1.75
4,83.65,52,2,1.3333333333333333
2,78.71,30,1,1.0
2,88.03,41,1,1.0
10,78.69,71,3,1.9555555555555555
8,71.29,55,3,1.75
7,85.24,67,3,1.8095238095238095
6,82.13,57,3,1.6666666666666667
3,85.49,42,1,1.0
58,78.51,153,5,2.9612825166364187
2,70.1,31,1,1.0
3,78.69,37,1,1.0
4,81.45,47,3,1.6666666666666667
7,61.71,64,2,1.4761904761904763
8,75.34,93,3,1.8214285714285714
2,79.38,29,1,1.0
7,86.22,72,2,1.619047619047619
12,60.16,82,3,1.9545454545454546
2,85.49,35,1,1.0
8,87.47,62,3,1.7142857142857142
8,80.21,73,3,1.8214285714285714
2,80.85,36,1,1.0
7,79.38,61,3,1.7142857142857142
2,87.2,33,1,1.0
11,88.01,104,3,2.090909090909091
2,75.52,33,1,1.0
9,80.21,75,3,1.6944444444444444
3,79.4,39,1,1.0
11,78.72,64,3,1.8727272727272728
3,59.51,38,1,1.0
4,84.29,56,2,1.5
7,79.46,50,3,1.7142857142857142
4,85.25,48,2,1.3333333333333333
2,83.41,42,1,1.0
2,87.89,30,1,1.0
2,83.08,39,1,1.0
7,79.14,64,3,1.7142857142857142
10,69.33,70,4,1.9777777777777779
3,54.34,33,1,1.0
8,79.86,62,3,1.7142857142857142
5,59.81,49,2,1.6
12,84.16,97,4,2.212121212121212
8,78.69,55,2,1.5
2,60.37,31,1,1.0
3,61.43,54,2,1.3333333333333333
2,78.8,31,1,1.0
3,67.85,48,2,1.3333333333333333
2,75.02,31,1,1.0
8,78.97,61,3,1.7142857142857142
3,76.09,42,1,1.0
3,69.08,32,1,1.0
2,83.07,42,1,1.0
10,87.47,82,3,1.9333333333333333
3,75.46,40,1,1.0
2,59.51,32,1,1.0
4,83.68,41,2,1.3333333333333333
4,80.21,52,2,1.3333333333333333
8,82.37,76,3,1.8928571428571428
3,84.69,39,1,1.0
16,83.63,95,4,2.375
3,83.17,41,2,1.3333333333333333
8,85.84,68,3,1.7142857142857142
2,69.25,43,1,1.0
8,67.47,48,3,1.7142857142857142
3,85.19,37,1,1.0
2,83.84,34,1,1.0
3,54.55,40,1,1.0
2,78.32,33,1,1.0
6,84.85,61,3,1.8666666666666667
2,83.85,35,1,1.0
2,79.35,36,1,1.0
2,79.57,33,1,1.0
6,78.5,48,3,1.7333333333333334
2,83.55,43,1,1.0
10,78.97,63,3,1.9111111111111112
2,86.78,44,1,1.0
6,84.61,59,3,1.6666666666666667
9,76.1,71,3,1.6666666666666667
3,61.02,33,1,1.0
2,85.09,43,1,1.0
3,78.04,44,1,1.0
3,68.0,40,1,1.0
2,79.53,33,1,1.0
7,79.9,71,2,1.4761904761904763
2,83.63,38,1,1.0
2,81.31,33,1,1.0
15,83.63,107,4,2.323809523809524
5,86.22,51,2,1.5
3,72.14,41,1,1.0
2,79.52,32,1,1.0
5,85.17,47,2,1.4
3,54.28,38,1,1.0
2,77.13,29,1,1.0
2,72.44,41,1,1.0
6,84.85,59,2,1.5333333333333334
2,78.07,32,1,1.0
8,79.46,60,3,1.7857142857142858
2,86.2,40,1,1.0
7,54.43,55,2,1.5238095238095237
2,87.52,43,1,1.0
7,84.34,53,3,1.7142857142857142
4,60.82,40,2,1.3333333333333333
2,87.54,34,1,1.0
2,80.85,32,1,1.0
6,77.08,53,3,1.8
6,82.37,58,2,1.6
3,88.05,54,2,1.3333333333333333
2,84.65,34,1,1.0
5,83.64,49,3,1.7
2,84.33,36,1,1.0
9,78.5,73,3,1.9444444444444444
3,85.36,49,2,1.3333333333333333
3,80.47,36,1,1.0
3,85.53,41,1,1.0
2,80.09,33,1,1.0
7,79.9,64,3,1.8095238095238095
9,59.81,67,3,1.7777777777777777
3,84.0,43,1,1.0
2,83.5,32,1,1.0
12,80.71,108,4,2.1666666666666665
2,80.87,42,1,1.0
3,68.98,41,2,1.3333333333333333
6,77.66,52,2,1.5333333333333334
4,78.69,48,2,1.3333333333333333
2,78.1,34,1,1.0
6,84.47,59,2,1.5333333333333334
3,76.03,42,1,1.0
2,71.03,31,1,1.0
2,60.59,37,1,1.0
2,83.43,31,1,1.0
6,83.47,60,3,1.6666666666666667
44,79.46,115,5,2.8668076109936576
2,85.86,43,1,1.0
2,61.89,32,1,1.0
8,82.37,65,3,1.6785714285714286
2,70.1,34,1,1.0
5,87.11,52,2,1.5
6,79.14,53,2,1.4666666666666666
3,87.2,41,1,1.0
6,75.34,56,3,1.6666666666666667
8,83.35,65,2,1.5
2,78.64,36,1,1.0
7,80.21,64,2,1.4761904761904763
2,76.16,28,1,1.0
3,59.25,37,1,1.0
2,78.31,43,1,1.0
10,60.52,62,3,1.9777777777777779
3,60.49,35,1,1.0
5,69.53,54,2,1.6
2,84.56,33,1,1.0
7,55.18,62,3,1.6666666666666667
2,83.49,34,1,1.0
2,84.5,31,1,1.0
2,83.56,32,1,1.0
2,71.21,38,1,1.0
2,84.52,29,1,1.0
3,79.46,43,1,1.0
6,51.32,59,3,1.6666666666666667
2,83.97,29,1,1.0
3,77.01,37,2,1.3333333333333333
3,84.37,43,1,1.0
3,70.34,46,1,1.0
6,78.82,51,2,1.5333333333333334
3,60.78,36,1,1.0
9,78.97,68,3,1.75
3,88.22,48,2,1.3333333333333333
7,53.66,62,3,1.8095238095238095
3,78.82,41,2,1.3333333333333333
2,68.8,33,1,1.0
2,84.75,32,1,1.0
3,85.36,43,1,1.0
2,85.36,35,1,1.0
7,87.11,67,3,1.7142857142857142
7,78.31,69,3,1.7619047619047619
3,77.89,42,1,1.0
2,85.08,32,1,1.0
3,60.37,38,1,1.0
2,77.87,42,1,1.0
2,82.85,29,1,1.0
2,86.8,32,1,1.0
5,68.98,49,3,1.7
7,61.71,55,2,1.5238095238095237
2,79.09,30,1,1.0
7,82.52,62,2,1.4761904761904763
2,85.99,35,1,1.0
3,84.71,37,1,1.0
10,77.82,80,3,1.7555555555555555
6,85.25,56,3,1.6666666666666667
9,54.43,58,3,1.7222222222222223
6,63.13,56,2,1.4666666666666666
11,83.23,70,3,1.8545454545454545
3,82.39,39,1,1.0
3,85.16,44,1,1.0
3,78.49,41,1,1.0
3,84.12,46,1,1.0
9,82.37,67,3,1.7777777777777777
3,84.13,42,1,1.0
3,85.49,41,1,1.0
2,83.69,44,1,1.0
2,81.85,43,1,1.0
2,84.23,28,1,1.0
8,83.23,59,3,1.7857142857142858
3,82.69,39,1,1.0
5,83.47,57,3,1.7
2,77.65,35,1,1.0
2,51.03,33,1,1.0
2,68.12,36,1,1.0
3,72.24,41,1,1.0
2,81.68,34,1,1.0
3,83.69,44,1,1.0
2,82.85,33,1,1.0
5,79.46,44,2,1.6
2,85.48,43,1,1.0
2,77.8,43,1,1.0
3,84.2,41,1,1.0
2,85.84,42,1,1.0
7,83.64,68,3,1.7142857142857142
3,59.56,36,1,1.0
7,84.85,61,3,1.7142857142857142
6,78.8,63,2,1.4666666666666666
2,81.07,35,1,1.0
5,83.11,50,2,1.4
3,84.91,37,1,1.0
2,61.8,32,1,1.0
4,60.12,42,2,1.3333333333333333
3,61.02,34,2,1.3333333333333333
3,79.58,40,1,1.0
2,61.36,32,1,1.0
2,82.92,33,1,1.0
2,70.47,40,1,1.0
3,84.56,34,1,1.0
2,84.61,39,1,1.0
2,78.69,30,1,1.0
3,68.53,31,1,1.0
2,74.76,44,1,1.0
13,60.12,72,3,1.8974358974358974
3,77.84,41,1,1.0
8,60.16,53,3,1.6785714285714286
2,86.38,31,1,1.0
2,86.19,39,1,1.0
2,78.83,34,1,1.0
3,73.32,37,1,1.0
2,75.31,34,1,1.0
7,79.86,58,3,1.7142857142857142
3,84.15,43,1,1.0
2,84.03,38,1,1.0
2,51.16,33,1,1.0
2,78.69,31,1,1.0
7,86.32,78,2,1.619047619047619
2,85.56,34,1,1.0
2,82.97,44,1,1.0
7,51.32,60,3,1.6666666666666667
8,80.21,67,3,1.8214285714285714
3,83.51,41,1,1.0
2,60.52,33,1,1.0
7,83.97,62,2,1.5238095238095237
3,79.64,37,1,1.0
4,79.86,46,2,1.5
6,86.22,53,3,1.6666666666666667
2,54.72,32,1,1.0
8,61.06,75,2,1.6071428571428572
3,60.12,38,1,1.0
2,82.23,35,1,1.0
2,61.31,30,1,1.0
2,83.92,42,1,1.0
8,78.8,68,3,1.6428571428571428
2,83.51,30,1,1.0
7,84.34,50,3,1.7619047619047619
11,79.38,74,3,2.0
3,61.8,37,1,1.0
2,75.13,43,1,1.0
3,60.71,36,1,1.0
5,60.52,45,2,1.4
3,87.16,55,2,1.3333333333333333
2,86.45,34,1,1.0
2,83.49,33,1,1.0
2,80.11,36,1,1.0
3,61.51,40,1,1.0
2,55.23,35,1,1.0
5,78.8,52,2,1.5
3,79.73,39,1,1.0
8,67.47,46,3,1.8571428571428572
5,84.85,52,2,1.6
9,60.82,56,3,1.6666666666666667
2,85.96,32,1,1.0
3,78.78,41,1,1.0
2,84.48,32,1,1.0
7,80.0,57,3,1.7619047619047619
7,85.17,60,3,1.8571428571428572
2,69.45,29,1,1.0
7,82.13,60,3,1.7142857142857142
2,79.05,31,1,1.0
8,76.52,57,2,1.5
4,79.12,40,2,1.3333333333333333
2,83.08,33,1,1.0
2,75.46,28,1,1.0
3,80.11,40,1,1.0
2,88.4,42,1,1.0
4,84.28,71,2,1.5
13,79.58,70,3,1.8717948717948718
2,83.03,32,1,1.0
2,85.18,33,1,1.0
2,76.89,33,1,1.0
2,60.16,32,1,1.0
9,61.71,71,3,1.8055555555555556
2,84.16,29,1,1.0
6,80.21,61,2,1.6
2,85.11,37,1,1.0
3,80.96,39,1,1.0
2,79.88,34,1,1.0
2,80.03,32,1,1.0
3,78.81,40,1,1.0
6,86.22,50,3,1.6666666666666667
3,78.37,32,1,1.0
2,86.25,43,1,1.0
8,78.8,65,3,1.7142857142857142
7,78.69,53,3,1.8095238095238095
3,69.33,37,2,1.3333333333333333
7,77.66,66,3,1.9523809523809523
3,50.66,42,1,1.0
3,75.29,39,1,1.0
7,84.16,81,3,1.7142857142857142
6,78.31,60,3,1.7333333333333334
6,75.54,57,3,1.7333333333333334
2,73.27,32,1,1.0
2,87.75,38,1,1.0
7,86.22,67,2,1.4761904761904763
2,83.8,37,1,1.0
3,79.4,42,1,1.0
3,61.24,40,1,1.0
2,79.23,29,1,1.0
2,79.09,31,1,1.0
6,67.85,58,2,1.5333333333333334
3,79.4,33,1,1.0
2,78.64,36,1,1.0
6,55.18,50,2,1.4666666666666666
2,85.19,32,1,1.0
10,80.75,76,3,1.7555555555555555
2,79.35,37,1,1.0
3,75.73,42,1,1.0
3,60.82,37,2,1.3333333333333333
2,83.08,32,1,1.0
3,78.55,42,1,1.0
3,79.91,42,1,1.0
2,79.24,32,1,1.0
2,83.79,34,1,1.0
4,80.21,48,2,1.5
2,61.06,39,1,1.0
2,80.77,32,1,1.0
2,50.79,32,1,1.0
2,85.16,33,1,1.0
3,84.52,36,1,1.0
3,85.36,43,1,1.0
2,69.6,37,1,1.0
2,85.36,34,1,1.0
3,78.32,43,1,1.0
7,85.24,65,3,1.7142857142857142
2,76.49,29,1,1.0
2,81.55,33,1,1.0
2,84.49,43,1,1.0
2,83.45,30,1,1.0
2,72.16,43,1,1.0
2,61.51,31,1,1.0
2,79.06,31,1,1.0
8,83.97,68,3,1.8214285714285714
2,64.36,32,1,1.0
3,85.19,44,1,1.0
3,82.89,40,1,1.0
2,83.08,35,1,1.0
2,83.87,33,1,1.0
2,80.85,31,1,1.0
2,82.92,43,1,1.0
2,82.52,35,1,1.0
3,86.54,37,1,1.0
2,83.44,27,1,1.0
2,80.71,36,1,1.0
3,87.08,38,1,1.0
3,85.88,49,2,1.3333333333333333
9,54.75,85,2,1.6388888888888888
3,78.7,44,1,1.0
2,83.25,31,1,1.0
2,76.52,33,1,1.0
3,68.12,42,1,1.0
2,79.38,32,1,1.0
3,80.49,40,1,1.0
6,79.05,50,2,1.4666666666666666
3,62.88,40,1,1.0
7,80.71,72,3,1.7142857142857142
2,85.81,44,1,1.0
3,80.35,40,1,1.0
2,84.23,31,1,1.0
3,79.03,37,1,1.0
3,78.69,42,1,1.0
2,71.49,30,1,1.0
2,84.63,30,1,1.0
2,60.12,30,1,1.0
3,82.69,38,1,1.0
2,85.88,29,1,1.0
2,84.56,30,1,1.0
2,83.21,31,1,1.0
5,78.8,51,2,1.5
2,84.52,31,1,1.0
7,83.97,68,3,1.6666666666666667
3,78.36,42,1,1.0
3,78.66,39,1,1.0
3,83.38,40,1,1.0
2,81.92,31,1,1.0
2,84.05,43,1,1.0
3,81.75,45,1,1.0
2,85.96,31,1,1.0
2,83.35,34,1,1.0
2,83.68,34,1,1.0
3,84.98,36,1,1.0
3,85.45,39,1,1.0
2,84.84,44,1,1.0
2,79.73,33,1,1.0
2,60.79,29,1,1.0
3,78.69,39,1,1.0
4,83.11,36,2,1.5
2,79.46,33,1,1.0
2,84.73,32,1,1.0
2,78.71,27,1,1.0
4,83.0,57,2,1.3333333333333333
2,83.49,33,1,1.0
2,80.22,32,1,1.0
3,54.34,36,1,1.0
3,78.51,39,1,1.0
2,84.99,34,1,1.0
2,68.35,43,1,1.0
3,60.12,41,1,1.0
6,75.54,54,3,1.6
6,84.47,56,2,1.4666666666666666
3,78.66,35,1,1.0
3,52.73,36,1,1.0
2,80.12,31,1,1.0
3,79.23,43,1,1.0
2,84.15,28,1,1.0
3,81.45,45,1,1.0
2,78.87,26,1,1.0
5,78.28,64,2,1.4
3,88.46,35,1,1.0
2,76.04,29,1,1.0
3,86.83,38,1,1.0
3,80.17,39,1,1.0
2,85.19,34,1,1.0
2,86.17,41,1,1.0
3,60.37,40,1,1.0
3,79.47,38,1,1.0
2,82.39,34,1,1.0
2,80.96,33,1,1.0
2,78.69,29,1,1.0
2,57.49,31,1,1.0
3,79.23,42,1,1.0
2,71.76,31,1,1.0
2,79.23,39,1,1.0
3,71.49,38,1,1.0
3,60.52,32,1,1.0
3,60.16,37,1,1.0
2,60.16,32,1,1.0
3,85.3,42,1,1.0
9,59.81,60,3,1.8611111111111112
8,59.81,59,3,1.9285714285714286
8,72.25,62,3,1.8571428571428572
2,85.56,34,1,1.0
3,83.94,42,1,1.0
3,77.81,38,1,1.0
4,78.82,54,2,1.3333333333333333
2,78.87,33,1,1.0
2,60.37,32,1,1.0
3,84.19,40,1,1.0
3,85.18,42,1,1.0
3,51.28,51,2,1.3333333333333333
3,81.09,41,1,1.0
6,85.17,52,2,1.5333333333333334
3,61.84,36,1,1.0
2,78.8,35,1,1.0
3,68.0,36,1,1.0
6,61.71,57,3,1.6666666666666667
2,63.52,32,1,1.0
2,80.21,35,1,1.0
6,83.35,58,2,1.4666666666666666
9,80.75,70,3,1.8333333333333333
2,60.78,34,1,1.0
2,54.72,32,1,1.0
2,79.12,30,1,1.0
2,54.75,26,1,1.0
2,87.11,35,1,1.0
3,78.1,37,1,1.0
3,85.01,39,1,1.0
2,83.69,40,1,1.0
8,78.72,68,3,1.6785714285714286
2,84.73,34,1,1.0
2,86.29,43,1,1.0
2,81.09,31,1,1.0
3,77.13,42,1,1.0
2,78.68,28,1,1.0
2,78.8,36,1,1.0
3,83.43,41,1,1.0
2,78.8,41,1,1.0
2,83.07,32,1,1.0
2,78.42,40,1,1.0
2,84.52,29,1,1.0
2,79.85,28,1,1.0
3,53.87,40,1,1.0
2,84.7,40,1,1.0
2,80.27,32,1,1.0
2,83.08,34,1,1.0
2,79.38,33,1,1.0
2,78.64,31,1,1.0
8,71.29,60,3,1.8928571428571428
3,75.36,41,1,1.0
2,54.31,35,1,1.0
2,83.21,31,1,1.0
2,79.81,44,1,1.0
2,82.91,43,1,1.0
2,60.09,32,1,1.0
3,60.52,42,1,1.0
3,86.26,42,1,1.0
2,84.03,31,1,1.0
2,83.49,31,1,1.0
5,61.06,54,2,1.4
3,78.36,37,1,1.0
3,83.25,39,1,1.0
2,86.2,41,1,1.0
2,75.89,33,1,1.0
2,80.6,43,1,1.0
2,80.13,32,1,1.0
2,82.36,32,1,1.0
3,83.07,40,1,1.0
2,79.79,30,1,1.0
3,80.91,39,1,1.0
3,82.52,43,2,1.3333333333333333
2,77.81,33,1,1.0
3,83.81,46,1,1.0
3,84.78,42,1,1.0
2,78.64,30,1,1.0
2,86.49,42,1,1.0
3,80.03,35,1,1.0
3,86.63,39,1,1.0
5,78.8,60,2,1.5
3,78.78,33,1,1.0
2,73.66,40,1,1.0
6,72.25,45,2,1.4666666666666666
7,61.71,56,3,1.7142857142857142
7,83.63,47,2,1.4761904761904763
2,83.61,35,1,1.0
2,60.52,28,1,1.0
2,79.37,34,1,1.0
7,54.43,59,3,1.8571428571428572
3,62.97,38,1,1.0
8,76.52,64,3,1.7857142857142858
2,69.08,27,1,1.0
8,78.5,57,3,1.7142857142857142
2,83.7,42,1,1.0
2,82.24,34,1,1.0
2,84.78,44,1,1.0
2,83.97,31,1,1.0
3,69.49,37,1,1.0
2,81.07,37,1,1.0
2,79.38,27,1,1.0
2,80.34,33,1,1.0
2,79.42,35,1,1.0
2,84.18,31,1,1.0
2,81.83,39,1,1.0
3,62.38,32,2,1.3333333333333333
2,79.39,30,1,1.0
2,60.49,34,1,1.0
3,82.61,41,2,1.3333333333333333
2,60.49,33,1,1.0
2,79.39,28,1,1.0
2,81.46,29,1,1.0
2,61.99,33,1,1.0
2,60.96,31,1,1.0
2,86.11,40,1,1.0
2,79.47,31,1,1.0
2,84.91,42,1,1.0
2,83.46,29,1,1.0
2,76.83,44,1,1.0
2,83.55,28,1,1.0
2,78.78,29,1,1.0
3,79.87,41,1,1.0
2,80.13,31,1,1.0
2,79.52,35,1,1.0
2,87.12,35,1,1.0
2,50.6,43,1,1.0
3,85.33,41,1,1.0
3,69.77,38,1,1.0
2,56.18,33,1,1.0
2,54.72,31,1,1.0
2,83.76,42,1,1.0
2,88.26,41,1,1.0
2,87.54,29,1,1.0
7,54.43,45,3,1.6666666666666667
3,85.34,40,1,1.0
2,78.04,33,1,1.0
3,79.56,40,1,1.0
4,79.53,59,2,1.3333333333333333
2,85.17,35,1,1.0
3,85.32,51,1,1.0
2,75.4,30,1,1.0
2,85.05,44,1,1.0
4,83.58,54,2,1.3333333333333333
2,85.33,42,1,1.0
2,85.91,43,1,1.0
2,84.16,31,1,1.0
2,85.27,42,1,1.0
2,85.45,31,1,1.0
2,78.4,24,1,1.0
2,61.99,38,1,1.0
2,69.21,44,1,1.0
3,61.36,38,1,1.0
2,83.99,33,1,1.0
3,78.78,36,1,1.0
3,69.53,43,2,1.3333333333333333
2,85.73,35,1,1.0
2,74.08,41,1,1.0
2,84.91,43,1,1.0
9,83.17,69,3,1.6944444444444444
2,61.51,33,1,1.0
3,78.83,39,1,1.0
2,80.95,43,1,1.0
2,78.72,32,1,1.0
2,83.55,44,1,1.0
2,60.78,27,1,1.0
2,83.55,33,1,1.0
3,84.48,44,1,1.0
2,75.37,32,1,1.0
2,84.67,31,1,1.0
2,86.5,44,1,1.0
2,75.63,39,1,1.0
2,83.3,34,1,1.0
2,64.5,42,1,1.0
2,84.13,27,1,1.0
2,84.58,42,1,1.0
2,79.8,31,1,1.0
2,79.9,42,1,1.0
2,86.24,39,1,1.0
2,77.93,33,1,1.0
2,83.82,43,1,1.0
2,85.34,44,1,1.0
3,84.03,40,1,1.0
3,83.68,35,1,1.0
2,77.64,31,1,1.0
3,78.74,38,1,1.0
2,75.72,29,1,1.0
2,84.39,43,1,1.0
3,61.8,39,1,1.0
2,83.07,33,1,1.0
2,73.44,34,1,1.0
3,86.42,37,1,1.0
2,68.31,34,1,1.0
2,79.91,40,1,1.0
2,84.01,34,1,1.0
2,77.93,29,1,1.0
2,74.32,42,1,1.0
2,84.41,44,1,1.0
2,79.49,43,1,1.0
2,72.14,44,1,1.0
2,69.87,43,1,1.0
2,81.97,31,1,1.0
2,83.75,34,1,1.0
3,83.49,38,1,1.0
3,81.92,41,1,1.0
6,80.21,57,2,1.5333333333333334
4,79.85,43,2,1.3333333333333333
2,54.34,30,1,1.0
2,83.69,44,1,1.0
3,83.48,41,1,1.0
2,79.12,24,1,1.0
2,82.37,36,1,1.0
3,80.14,38,1,1.0
2,75.23,42,1,1.0
2,81.89,33,1,1.0
2,69.93,29,1,1.0
2,78.8,34,1,1.0
3,85.23,39,1,1.0
2,82.28,43,1,1.0
8,82.37,71,3,1.75
3,72.18,38,1,1.0
2,78.8,34,1,1.0
3,80.47,35,1,1.0
3,78.71,36,1,1.0
2,69.45,36,1,1.0
2,79.09,30,1,1.0
3,78.04,38,1,1.0
2,83.17,36,1,1.0
2,54.11,35,1,1.0
4,82.37,44,2,1.3333333333333333
2,84.04,33,1,1.0
2,85.81,31,1,1.0
2,84.58,43,1,1.0
2,84.02,43,1,1.0
2,83.25,36,1,1.0
2,53.4,29,1,1.0
3,81.45,49,2,1.3333333333333333
3,78.32,42,1,1.0
2,79.47,35,1,1.0
2,67.71,33,1,1.0
9,80.0,60,3,1.8888888888888888
3,80.98,36,1,1.0
3,84.34,40,2,1.3333333333333333
3,57.49,41,1,1.0
2,78.8,34,1,1.0
2,83.26,33,1,1.0
2,61.06,30,1,1.0
2,83.93,44,1,1.0
2,69.33,29,1,1.0
4,85.24,41,2,1.3333333333333333
3,79.86,39,2,1.3333333333333333
3,78.03,43,1,1.0
3,85.64,40,1,1.0
3,61.13,44,1,1.0
6,64.36,56,2,1.4666666666666666
2,86.93,41,1,1.0
4,61.71,44,2,1.5
3,75.52,42,1,1.0
5,84.61,55,2,1.5
2,79.65,27,1,1.0
3,78.28,41,1,1.0
3,78.04,45,1,1.0
3,84.78,43,1,1.0
2,51.03,33,1,1.0
3,80.96,42,1,1.0
2,79.52,32,1,1.0
3,73.32,40,1,1.0
3,78.23,44,1,1.0
5,83.97,50,2,1.4
2,84.85,43,1,1.0
2,82.16,37,1,1.0
2,83.81,37,1,1.0
2,75.88,44,1,1.0
2,83.85,32,1,1.0
2,83.99,31,1,1.0
3,81.74,42,1,1.0
2,75.02,32,1,1.0
5,85.62,62,4,2.0
2,87.25,43,1,1.0
2,79.06,28,1,1.0
2,85.24,33,1,1.0
3,79.58,37,1,1.0
2,60.59,31,1,1.0
2,87.11,37,1,1.0
2,75.29,36,1,1.0
2,88.28,32,1,1.0
3,68.18,41,1,1.0
2,87.75,39,1,1.0
2,82.09,41,1,1.0
2,87.69,31,1,1.0
9,61.06,85,3,1.7777777777777777
2,85.81,43,1,1.0
3,78.72,39,1,1.0
2,82.57,33,1,1.0
2,86.78,41,1,1.0
3,78.83,40,1,1.0
2,85.68,34,1,1.0
3,87.37,41,1,1.0
2,87.85,33,1,1.0
2,86.97,44,1,1.0
3,79.52,42,1,1.0
2,54.28,29,1,1.0
2,78.81,34,1,1.0
2,82.41,43,1,1.0
2,83.03,35,1,1.0
2,73.04,43,1,1.0
3,83.19,45,2,1.3333333333333333
2,85.18,44,1,1.0
2,60.71,31,1,1.0
2,83.07,44,1,1.0
2,85.24,44,1,1.0
2,84.69,33,1,1.0
4,63.13,48,2,1.5
2,60.49,31,1,1.0
3,82.25,60,2,1.3333333333333333
2,82.36,33,1,1.0
2,53.4,31,1,1.0
2,87.95,43,1,1.0
2,84.13,44,1,1.0
2,85.41,43,1,1.0
2,62.28,42,1,1.0
2,54.28,30,1,1.0
2,62.9,32,1,1.0
8,84.34,59,3,1.7857142857142858
3,60.49,28,1,1.0
2,76.16,31,1,1.0
2,83.5,35,1,1.0
2,67.16,35,1,1.0
2,83.69,33,1,1.0
3,78.36,38,1,1.0
3,79.45,48,2,1.3333333333333333
3,76.09,48,2,1.3333333333333333
2,60.78,32,1,1.0
2,83.45,31,1,1.0
3,51.66,37,1,1.0
2,83.75,29,1,1.0
2,84.72,39,1,1.0
2,68.68,43,1,1.0
2,82.37,35,1,1.0
2,83.35,31,1,1.0
2,83.11,31,1,1.0
2,55.18,36,1,1.0
2,78.87,34,1,1.0
3,85.47,57,2,1.3333333333333333
2,78.83,42,1,1.0
2,71.69,43,1,1.0
2,71.57,33,1,1.0
2,54.34,31,1,1.0
3,83.9,56,2,1.3333333333333333
3,83.68,33,1,1.0
2,84.45,32,1,1.0
3,79.09,36,2,1.3333333333333333
2,86.0,30,1,1.0
2,80.71,42,1,1.0
2,81.77,43,1,1.0
2,84.34,43,1,1.0
2,78.55,28,1,1.0
5,84.52,63,4,2.0
4,60.82,50,2,1.5
2,77.01,32,1,1.0
2,76.23,36,1,1.0
2,88.22,28,1,1.0
2,70.28,33,1,1.0
2,60.52,33,1,1.0
2,84.59,44,1,1.0
2,86.54,42,1,1.0
2,85.3,34,1,1.0
3,85.24,38,1,1.0
2,78.78,33,1,1.0
2,86.26,30,1,1.0
3,82.24,40,1,1.0
2,85.81,32,1,1.0
3,60.16,40,1,1.0
2,80.12,42,1,1.0
3,83.11,36,2,1.3333333333333333
3,84.96,42,1,1.0
2,80.14,31,1,1.0
2,69.61,44,1,1.0
2,69.93,32,1,1.0
2,70.35,44,1,1.0
2,78.69,33,1,1.0
3,78.19,37,1,1.0
2,76.09,43,1,1.0
2,84.37,33,1,1.0
2,79.39,35,1,1.0
2,84.72,30,1,1.0
2,83.08,32,1,1.0
2,54.72,30,1,1.0
2,60.82,33,1,1.0
3,83.66,40,1,1.0
2,85.99,33,1,1.0
2,79.85,26,1,1.0
2,78.81,33,1,1.0
2,79.58,29,1,1.0
2,84.65,32,1,1.0
2,83.32,33,1,1.0
2,85.47,40,1,1.0
2,82.75,43,1,1.0
3,78.23,43,1,1.0
2,79.26,33,1,1.0
2,78.83,32,1,1.0
2,79.38,26,1,1.0
2,79.14,39,1,1.0
3,78.97,35,1,1.0
2,74.36,40,1,1.0
2,71.87,44,1,1.0
2,86.28,43,1,1.0
2,88.14,43,1,1.0
2,83.25,33,1,1.0
6,78.8,66,2,1.6
2,85.83,33,1,1.0
4,85.17,43,2,1.3333333333333333
2,86.67,43,1,1.0
2,86.22,36,1,1.0
2,61.06,31,1,1.0
2,86.54,34,1,1.0
2,76.49,34,1,1.0
2,85.84,34,1,1.0
2,85.64,35,1,1.0
2,82.86,35,1,1.0
2,78.22,34,1,1.0
2,85.01,32,1,1.0
2,61.06,37,1,1.0
2,79.04,33,1,1.0
2,79.67,31,1,1.0
2,71.23,33,1,1.0
2,88.33,41,1,1.0
2,77.78,43,1,1.0
2,79.95,39,1,1.0
2,86.32,41,1,1.0
2,80.12,38,1,1.0
2,83.57,38,1,1.0
2,81.78,35,1,1.0
2,79.06,26,1,1.0
3,87.89,43,1,1.0
2,78.81,32,1,1.0
3,86.26,42,1,1.0
3,85.41,60,1,1.0
2,84.21,35,1,1.0
2,76.32,34,1,1.0
2,85.17,39,1,1.0
2,79.65,29,1,1.0
2,85.07,42,1,1.0
2,84.23,32,1,1.0
2,86.55,36,1,1.0
3,83.52,40,1,1.0
2,86.67,43,1,1.0
2,79.64,34,1,1.0
3,82.42,40,1,1.0
2,87.12,30,1,1.0
2,81.9,37,1,1.0
2,86.92,43,1,1.0
2,78.69,36,1,1.0
2,61.89,31,1,1.0
2,82.23,44,1,1.0
2,85.21,30,1,1.0
2,75.36,33,1,1.0
2,84.38,34,1,1.0
2,81.84,32,1,1.0
6,85.62,63,3,1.6
2,82.81,33,1,1.0
3,70.58,47,2,1.3333333333333333
2,81.82,42,1,1.0
2,83.84,34,1,1.0
2,82.1,44,1,1.0
2,61.02,28,1,1.0
2,60.59,28,1,1.0
2,81.19,33,1,1.0
2,78.32,33,1,1.0
2,82.92,44,1,1.0
2,78.7,30,1,1.0
3,83.57,36,1,1.0
3,79.95,37,1,1.0
2,82.56,44,1,1.0
2,85.37,42,1,1.0
2,60.82,31,1,1.0
3,86.38,41,1,1.0
2,85.04,40,1,1.0
2,68.98,33,1,1.0
2,77.95,31,1,1.0
2,75.28,36,1,1.0
2,83.97,35,1,1.0
2,85.07,41,1,1.0
2,87.95,42,1,1.0
2,85.58,44,1,1.0
3,84.44,38,2,1.3333333333333333
2,85.24,35,1,1.0
6,80.36,52,2,1.4666666666666666
2,78.66,33,1,1.0
3,71.54,39,2,1.3333333333333333
2,84.17,31,1,1.0
11,82.93,51,5,2.672727272727273
3,78.98,40,2,1.3333333333333333
12,79.71,53,4,2.393939393939394
3,83.81,40,2,1.3333333333333333
3,86.32,36,2,1.3333333333333333
2,78.21,37,1,1.0
2,81.68,33,1,1.0
2,86.72,28,1,1.0
2,53.92,29,1,1.0
2,74.21,34,1,1.0
2,60.87,36,1,1.0
2,81.79,33,1,1.0
3,82.93,32,2,1.3333333333333333
3,81.48,42,2,1.3333333333333333
2,81.76,31,1,1.0
2,84.66,32,1,1.0
3,74.21,40,2,1.3333333333333333
2,86.17,30,1,1.0
2,71.57,30,1,1.0
2,78.98,35,1,1.0
3,79.08,40,2,1.3333333333333333
2,87.95,33,1,1.0
2,79.32,25,1,1.0
2,80.37,31,1,1.0
6,82.91,56,3,1.7333333333333334
4,61.27,45,2,1.5
2,82.91,27,1,1.0
3,82.39,38,2,1.3333333333333333
4,77.27,48,2,1.3333333333333333
7,84.58,56,3,1.9523809523809523
3,82.95,61,2,1.3333333333333333
4,86.32,46,2,1.5
5,79.02,34,3,1.8
4,83.43,51,2,1.5
3,83.95,40,1,1.0
2,79.08,32,1,1.0
3,78.83,36,1,1.0
3,69.16,38,1,1.0
2,78.29,34,1,1.0
2,79.12,36,1,1.0
2,60.86,34,1,1.0
3,88.17,36,1,1.0
5,71.54,53,2,1.5
5,70.4,50,2,1.6
2,79.65,33,1,1.0
2,78.84,29,1,1.0
3,77.24,39,1,1.0
2,80.45,34,1,1.0
6,79.62,52,3,1.8
8,60.67,46,4,2.0714285714285716
2,79.08,28,1,1.0
3,60.67,25,2,1.3333333333333333
3,82.95,40,2,1.3333333333333333
2,53.92,29,1,1.0
2,80.07,30,1,1.0
2,81.34,28,1,1.0
2,62.57,30,1,1.0
2,60.99,33,1,1.0
3,79.02,37,2,1.3333333333333333
3,61.07,46,2,1.3333333333333333
2,83.54,33,1,1.0
2,84.39,42,1,1.0
2,79.71,29,1,1.0
2,86.51,34,1,1.0
2,83.72,29,1,1.0
3,75.63,39,1,1.0
2,86.32,34,1,1.0
2,79.18,31,1,1.0
5,82.93,47,3,1.7
2,80.05,35,1,1.0
3,80.71,42,2,1.3333333333333333
2,81.63,31,1,1.0
3,76.03,38,1,1.0
4,85.51,43,2,1.5
3,79.07,34,1,1.0
3,84.17,38,2,1.3333333333333333
3,72.31,33,2,1.3333333333333333
2,83.72,34,1,1.0
3,84.11,40,2,1.3333333333333333
2,80.36,33,1,1.0
3,79.83,37,1,1.0
2,78.29,31,1,1.0
2,50.13,31,1,1.0
2,82.94,33,1,1.0
6,78.83,58,3,1.8
5,77.24,46,2,1.5
2,79.78,33,1,1.0
2,70.16,30,1,1.0
3,69.16,50,1,1.0
4,87.01,46,2,1.5
3,84.17,38,2,1.3333333333333333
2,79.19,29,1,1.0
2,79.02,26,1,1.0
4,80.44,52,2,1.5
3,82.93,35,2,1.3333333333333333
2,60.86,31,1,1.0
4,84.44,41,2,1.3333333333333333
2,79.53,34,1,1.0
3,60.24,40,1,1.0
2,67.52,28,1,1.0
4,52.62,45,2,1.3333333333333333
2,78.98,31,1,1.0
2,75.63,32,1,1.0
2,78.77,31,1,1.0
2,60.98,28,1,1.0
2,77.94,44,1,1.0
2,83.1,30,1,1.0
2,83.62,24,1,1.0
2,79.19,32,1,1.0
2,60.95,28,1,1.0
2,78.93,33,1,1.0
2,85.56,32,1,1.0
3,80.69,37,2,1.3333333333333333
2,84.65,43,1,1.0
2,62.49,33,1,1.0
4,79.71,39,2,1.3333333333333333
2,70.93,33,1,1.0
2,83.22,32,1,1.0
2,79.73,29,1,1.0
2,80.95,30,1,1.0
2,85.53,32,1,1.0
4,83.33,44,2,1.3333333333333333
4,60.86,47,2,1.5
5,84.21,53,2,1.4
2,79.95,34,1,1.0
2,63.11,32,1,1.0
2,81.49,35,1,1.0
3,76.29,39,2,1.3333333333333333
2,85.16,31,1,1.0
4,67.95,47,2,1.5
2,85.36,33,1,1.0
2,79.52,31,1,1.0
2,77.99,37,1,1.0
2,76.73,33,1,1.0
5,84.44,44,2,1.5
2,79.92,31,1,1.0
2,79.44,33,1,1.0
2,74.76,35,1,1.0
2,74.81,30,1,1.0
2,79.62,31,1,1.0
2,85.45,36,1,1.0
2,86.09,29,1,1.0
2,85.86,35,1,1.0
2,82.93,26,1,1.0
2,79.53,29,1,1.0
2,83.74,32,1,1.0
2,60.84,33,1,1.0
3,68.11,39,1,1.0
2,81.68,32,1,1.0
2,79.07,30,1,1.0
2,79.57,31,1,1.0
2,80.17,31,1,1.0
2,83.32,27,1,1.0
2,70.59,31,1,1.0
2,79.07,31,1,1.0
2,79.12,32,1,1.0
2,80.9,35,1,1.0
2,78.96,30,1,1.0
3,78.13,36,2,1.3333333333333333
2,68.11,34,1,1.0
2,85.62,36,1,1.0
2,60.67,27,1,1.0
5,83.43,40,2,1.6
4,85.86,55,3,1.6666666666666667
2,57.5,30,1,1.0
2,79.71,35,1,1.0
2,82.55,37,1,1.0
2,84.32,33,1,1.0
3,61.07,33,1,1.0
3,79.83,38,2,1.3333333333333333
6,79.07,47,3,1.6666666666666667
2,78.63,29,1,1.0
2,55.43,31,1,1.0
2,78.39,33,1,1.0
3,78.84,38,1,1.0
6,82.95,72,3,1.8
2,60.67,30,1,1.0
2,76.49,31,1,1.0
2,79.02,21,1,1.0
3,79.45,39,2,1.3333333333333333
2,79.76,32,1,1.0
2,79.32,28,1,1.0
2,82.39,29,1,1.0
2,51.69,30,1,1.0
3,86.32,39,2,1.3333333333333333
2,82.93,31,1,1.0
4,59.92,45,2,1.3333333333333333
2,79.45,32,1,1.0
2,84.16,29,1,1.0
2,83.36,35,1,1.0
2,77.27,31,1,1.0
2,59.92,31,1,1.0
4,79.83,46,2,1.5
2,60.86,28,1,1.0
3,79.19,36,2,1.3333333333333333
3,62.57,41,2,1.3333333333333333
2,79.45,30,1,1.0
2,81.27,36,1,1.0
3,80.31,37,2,1.3333333333333333
2,83.74,28,1,1.0
2,77.49,34,1,1.0
2,80.48,33,1,1.0
2,53.14,34,1,1.0
2,81.23,34,1,1.0
2,76.37,31,1,1.0
2,61.41,33,1,1.0
3,74.05,51,2,1.3333333333333333
2,79.23,32,1,1.0
2,78.84,27,1,1.0
2,79.19,32,1,1.0
2,83.22,29,1,1.0
3,78.98,38,2,1.3333333333333333
2,82.91,28,1,1.0
3,62.57,38,2,1.3333333333333333
2,78.84,27,1,1.0
2,79.71,21,1,1.0
2,70.4,29,1,1.0
2,54.75,34,1,1.0
2,79.08,30,1,1.0
2,78.83,31,1,1.0
2,60.45,33,1,1.0
2,87.01,27,1,1.0
3,84.11,43,2,1.3333333333333333
2,71.86,31,1,1.0
3,84.58,33,2,1.3333333333333333
2,80.4,30,1,1.0
2,67.59,37,1,1.0
2,79.12,33,1,1.0
2,77.49,32,1,1.0
2,79.15,27,1,1.0
2,59.92,31,1,1.0
2,61.81,32,1,1.0
4,59.92,40,2,1.5
2,80.71,32,1,1.0
2,79.6,35,1,1.0
2,84.45,32,1,1.0
2,79.28,31,1,1.0
3,54.37,40,1,1.0
2,84.58,32,1,1.0
2,60.67,32,1,1.0
2,61.1,31,1,1.0
2,85.39,35,1,1.0
2,83.55,35,1,1.0
2,81.39,31,1,1.0
2,55.43,35,1,1.0
2,67.63,22,1,1.0
3,79.75,41,1,1.0
2,80.36,32,1,1.0
2,72.31,31,1,1.0
2,61.27,33,1,1.0
2,84.44,29,1,1.0
2,53.88,28,1,1.0
2,77.99,32,1,1.0
2,81.39,36,1,1.0
2,72.67,42,1,1.0
2,82.57,34,1,1.0
2,85.86,37,1,1.0
2,78.98,31,1,1.0
2,79.89,30,1,1.0
2,60.86,36,1,1.0
2,80.07,31,1,1.0
