74,8133
104,5100,11804,6112
14595,10762,3341,15376,11409,12308,10270,4516,7206,15149,9520,14128,5175,8762,7230,4033,13126,5320,8653,6478,4175,14672,14163,13527,8792,15579,1505,105,108,8183,5499
2688,10626,5894,8582,13324,3854,5905,12561,3095,10520,9625,1562,2588,10273,14626,7333,552,6826,11306,10284,1323,8237,5039,4142,9645,9011,8122,1851,12091,14395,14015,6337,11330,14017,8517,9416,12746,6222,8790,7126,2520,10713,11868,11613,6366,14942,3553,14948,8164,8039,8552,12265,233,15211,12266,2797,14311,11759,12909,9585,2668,120,4345,5628,15229,4094,4991
5409,10950,939,1651,182,1911,8699
225,12818,11305
14929,441,6970
9544,15051,10638,10448,13747,14485,6198,540,4894,3071
11716,6668,6450,3542,632,8765,8958
7810,12420,669,8070
15068,933,9929,2572,4177,3633,10996,3956,11930,13756
4152,1234,12347,4492
5988,11941,7080,6448,1553,10931,11066,13278
1560,12463
13233,1774,9871
2051,11908,11877,13286,11545,12762,1852,4862,6559
3840,15162,2148
14770,2382
7744,8421,2384,12370,4565,9465
8224,2494
13184,14252,2542,9588,9719,8381
6040,7501,2565
15115,9531,2774
3213,5303
11498,3351
13612,4071
10008,4159
8232,4891,10659
15077,5078
5168,9437
13896,5753
11560,5799
8354,5802
6744,7365
15422,6999
7050,8274
7208,7995,12979
7298,13074
14659,7643
12443,8383
10913,12566,8519
9249,12321
9464,10677
10266,13699
10304,15200,14471
15465,10508
