9465,10
9464,12420,10762,15115,10508,12181,10008,2840,10270,4894,545,5409,4516,10284,13612,4142,5039,6448,3633,6198,15162,8762,13756,8765,13630,6337,14017,8133,8517,74,8906,7501,4175,7126,8792,7643,15068,6366,3553,10211,14948,8421,1509,10854,15077,233,632,1774,879,10996,3956,12150,120,10876,4094,3071
7810,2051,8070,13078,12566,10266,11804,669,8740,933,1063,14763,1849,2490,8381,7744,4039,11613,9570,13668,4071,104,15465
2050,13699,11908,15364,5894,3213,5391,9871,5753,12818,12561,14485,1562,2588,13728,8354,10659,11813,7080,11306,939,172,6826,12463,9520,9011,5175,11575,5303,441,12091,7995,1852,6970,14015,11716,7365,15051,7371,10576,4177,12370,5843,5078,3542,7001,9177,9051,10713,12762,4345,13286,8039,12266,108,11501,2542,8183,7161,5499,5628,8317,8958
11941,12746,2796,8237,7309,182,13278
426,8274
11498,540
6112,14018,10626,552,2846,13971,8699,9438
6576,5802,867
10273,1234,14715
14626,8232,8552,7208,1291,2797,8653,5168,9585,5047,14163,13429,2774,3351,11381,9531
10304,2565,15112,1323,2572,2382,10301,6040,1851,9852,14205,4862
1530,2075
1560,6450,11868,13527
1651,14471
13233,14770,10950,1911
2284,12925
2520,4152,13070
5988,14252,13664,2668
3785,13042
3808,15482
6744,15211,4991
5320,14935
5678,14128,14929,14387,8122,15579,14942
9850,6222
12224,6442
12912,6482
11545,6559
6577,11305
9894,13896,15240,13324,12909,8887,13179
10448,11877
13747,10638
11066,10931
11634,12965
12979,12308
